Officer_Last_Name,Officer_First_Name,Star,Officer_Description,FOIA_Request_Number,Report_Produced_Date
DIAZ,JOSHUA,17922,PO/EXP DET CAN HAND,"FOIA 17-6588
Stars for Involved Members on Spreadsheet 18A - Involved Members",
WESSELHOFF,MARK,19931,POLICE OFFICER,"FOIA 17-6588
Stars for Involved Members on Spreadsheet 18A - Involved Members",
GREGOIRE,JOHN,8600,POLICE OFFICER,"FOIA 17-6588
Stars for Involved Members on Spreadsheet 18A - Involved Members",
O NEILL,EDWARD,9264,POLICE OFFICER,"FOIA 17-6588
Stars for Involved Members on Spreadsheet 18A - Involved Members",
SANCHEZ JR,ORLANDO,19244,POLICE OFFICER,"FOIA 17-6588
Stars for Involved Members on Spreadsheet 18A - Involved Members",
RENO,MARK,19605,POLICE OFFICER,"FOIA 17-6588
Stars for Involved Members on Spreadsheet 18A - Involved Members",
MC INERNEY,JOSEPH,18282,POLICE OFFICER,"FOIA 17-6588
Stars for Involved Members on Spreadsheet 18A - Involved Members",
NUNEZ,FELIPE,9962,POLICE OFFICER,"FOIA 17-6588
Stars for Involved Members on Spreadsheet 18A - Involved Members",
BRANDON,SEAN,18866,POLICE OFFICER,"FOIA 17-6588
Stars for Involved Members on Spreadsheet 18A - Involved Members",
PETTIS,MICHAEL,15422,POLICE OFFICER,"FOIA 17-6588
Stars for Involved Members on Spreadsheet 18A - Involved Members",
PALENIK,DANIEL,19081,POLICE OFFICER,"FOIA 17-6588
Stars for Involved Members on Spreadsheet 18A - Involved Members",
MARTINEZ,JUAN,19230,POLICE OFFICER,"FOIA 17-6588
Stars for Involved Members on Spreadsheet 18A - Involved Members",
PIPER,LIONEL,14650,POLICE OFFICER,"FOIA 17-6588
Stars for Involved Members on Spreadsheet 18A - Involved Members",
BENTLEY,JOEL,13297,POLICE OFFICER,"FOIA 17-6588
Stars for Involved Members on Spreadsheet 18A - Involved Members",
PETRENKO,THOMAS,13458,POLICE OFFICER,"FOIA 17-6588
Stars for Involved Members on Spreadsheet 18A - Involved Members",
SABELLA,ANTHONY,11974,POLICE OFFICER,"FOIA 17-6588
Stars for Involved Members on Spreadsheet 18A - Involved Members",
CAMARILLO JR,RODOLFO,7168,POLICE OFFICER,"FOIA 17-6588
Stars for Involved Members on Spreadsheet 18A - Involved Members",
KAPANKE,STEVEN,17386,POLICE OFFICER,"FOIA 17-6588
Stars for Involved Members on Spreadsheet 18A - Involved Members",
JONES,CALVIN,10669,POLICE OFFICER,"FOIA 17-6588
Stars for Involved Members on Spreadsheet 18A - Involved Members",
GORMAN,THOMAS,3156,POLICE OFFICER,"FOIA 17-6588
Stars for Involved Members on Spreadsheet 18A - Involved Members",
CAVANAUGH,RONALD,3274,POLICE OFFICER,"FOIA 17-6588
Stars for Involved Members on Spreadsheet 18A - Involved Members",
OSHAUGHNESSY,THOMAS,19271,POLICE OFFICER,"FOIA 17-6588
Stars for Involved Members on Spreadsheet 18A - Involved Members",
SMOLEK,MARLENE,5499,POLICE OFFICER,"FOIA 17-6588
Stars for Involved Members on Spreadsheet 18A - Involved Members",
JEFFERSON,KAREN,6856,POLICE OFFICER,"FOIA 17-6588
Stars for Involved Members on Spreadsheet 18A - Involved Members",
CADMAN,MATHEW,17276,POLICE OFFICER,"FOIA 17-6588
Stars for Involved Members on Spreadsheet 18A - Involved Members",
JAMES,DORIAN,7615,POLICE OFFICER,"FOIA 17-6588
Stars for Involved Members on Spreadsheet 18A - Involved Members",
MATEO,ERIC,11782,POLICE OFFICER,"FOIA 17-6588
Stars for Involved Members on Spreadsheet 18A - Involved Members",
BEAVERS JR,JAMES,5327,POLICE OFFICER,"FOIA 17-6588
Stars for Involved Members on Spreadsheet 18A - Involved Members",
DOMIO,MALCOLM,7900,POLICE OFFICER,"FOIA 17-6588
Stars for Involved Members on Spreadsheet 18A - Involved Members",
DAVIS,ROTHIEL,7558,POLICE OFFICER,"FOIA 17-6588
Stars for Involved Members on Spreadsheet 18A - Involved Members",
ALONSO,JAVIER,18523,POLICE OFFICER,"FOIA 17-6588
Stars for Involved Members on Spreadsheet 18A - Involved Members",
SABELLA,ANTHONY,11974,POLICE OFFICER,"FOIA 17-6588
Stars for Involved Members on Spreadsheet 18A - Involved Members",
SHEPARD,MICHAEL,9736,POLICE OFFICER,"FOIA 17-6588
Stars for Involved Members on Spreadsheet 18A - Involved Members",
LEHNER,WILLIAM,3904,POLICE OFFICER,"FOIA 17-6588
Stars for Involved Members on Spreadsheet 18A - Involved Members",
BARD,CHRIS,6772,POLICE OFFICER,"FOIA 17-6588
Stars for Involved Members on Spreadsheet 18A - Involved Members",
YOUSIF,EVAN,15717,POLICE OFFICER,"FOIA 17-6588
Stars for Involved Members on Spreadsheet 18A - Involved Members",
GARZA,DAVID,14970,POLICE OFFICER,"FOIA 17-6588
Stars for Involved Members on Spreadsheet 18A - Involved Members",
GREGOIRE,JOHN,8600,POLICE OFFICER,"FOIA 17-6588
Stars for Involved Members on Spreadsheet 18A - Involved Members",
MCFADDEN,JASON,5881,POLICE OFFICER,"FOIA 17-6588
Stars for Involved Members on Spreadsheet 18A - Involved Members",
PHILLIPS III,CECIL,6657,POLICE OFFICER,"FOIA 17-6588
Stars for Involved Members on Spreadsheet 18A - Involved Members",
MENDOZA,MARIO,13782,POLICE OFFICER,"FOIA 17-6588
Stars for Involved Members on Spreadsheet 18A - Involved Members",
HURMAN,ANDREW,2998,POLICE OFFICER,"FOIA 17-6588
Stars for Involved Members on Spreadsheet 18A - Involved Members",
OKEEFE,JOHN,19575,POLICE OFFICER,"FOIA 17-6588
Stars for Involved Members on Spreadsheet 18A - Involved Members",
ALANIZ,MICHAEL,13577,POLICE OFFICER,"FOIA 17-6588
Stars for Involved Members on Spreadsheet 18A - Involved Members",
EARNEST,EVONA,2743,POLICE OFFICER,"FOIA 17-6588
Stars for Involved Members on Spreadsheet 18A - Involved Members",
TORRES,MIGUEL,2995,POLICE OFFICER,"FOIA 17-6588
Stars for Involved Members on Spreadsheet 18A - Involved Members",
WISELOGEL,SETH,14365,POLICE OFFICER,"FOIA 17-6588
Stars for Involved Members on Spreadsheet 18A - Involved Members",
BOND,LAWRENCE,11940,POLICE OFFICER,"FOIA 17-6588
Stars for Involved Members on Spreadsheet 18A - Involved Members",
WHITE,JOSEPH,14338,POLICE OFFICER,"FOIA 17-6588
Stars for Involved Members on Spreadsheet 18A - Involved Members",
MENDOZA,FRANCISCO,8138,POLICE OFFICER,"FOIA 17-6588
Stars for Involved Members on Spreadsheet 18A - Involved Members",
ZAVALA,WENSESLAO,8928,POLICE OFFICER,"FOIA 17-6588
Stars for Involved Members on Spreadsheet 18A - Involved Members",
GARZA JR,ARMANDO,10124,POLICE OFFICER,"FOIA 17-6588
Stars for Involved Members on Spreadsheet 18A - Involved Members",
BROWNFIELD,CRAIG,15752,POLICE OFFICER,"FOIA 17-6588
Stars for Involved Members on Spreadsheet 18A - Involved Members",
HEYDEN II,PAUL,13461,POLICE OFFICER,"FOIA 17-6588
Stars for Involved Members on Spreadsheet 18A - Involved Members",
HANRAHAN,RICHARD,16364,POLICE OFFICER,"FOIA 17-6588
Stars for Involved Members on Spreadsheet 18A - Involved Members",
SCUDELLA,ANDREW,16384,POLICE OFFICER,"FOIA 17-6588
Stars for Involved Members on Spreadsheet 18A - Involved Members",
JONES,CALVIN,10669,POLICE OFFICER,"FOIA 17-6588
Stars for Involved Members on Spreadsheet 18A - Involved Members",
BABICZ,ANTHONY,12652,POLICE OFFICER,"FOIA 17-6588
Stars for Involved Members on Spreadsheet 18A - Involved Members",
LEJA,JACEK,15475,POLICE OFFICER,"FOIA 17-6588
Stars for Involved Members on Spreadsheet 18A - Involved Members",
REYES,MONICA,19210,POLICE OFFICER,"FOIA 17-6588
Stars for Involved Members on Spreadsheet 18A - Involved Members",
LARSON,ANDREW,9552,POLICE OFFICER,"FOIA 17-6588
Stars for Involved Members on Spreadsheet 18A - Involved Members",
SALVADOR,RICHARD,19142,POLICE OFFICER,"FOIA 17-6588
Stars for Involved Members on Spreadsheet 18A - Involved Members",
LANDRUM,JASON,17355,POLICE OFFICER,"FOIA 17-6588
Stars for Involved Members on Spreadsheet 18A - Involved Members",
LESCH,NICHOLAUS,13061,POLICE OFFICER,"FOIA 17-6588
Stars for Involved Members on Spreadsheet 18A - Involved Members",
FIGUEROA,EDDIE,17241,POLICE OFFICER,"FOIA 17-6588
Stars for Involved Members on Spreadsheet 18A - Involved Members",
PHILLIPS III,CECIL,6657,POLICE OFFICER,"FOIA 17-6588
Stars for Involved Members on Spreadsheet 18A - Involved Members",
KENNEDY,JOHN,12134,POLICE OFFICER,"FOIA 17-6588
Stars for Involved Members on Spreadsheet 18A - Involved Members",
VIEYRA,CARLOS,5735,POLICE OFFICER,"FOIA 17-6588
Stars for Involved Members on Spreadsheet 18A - Involved Members",
DALY,EDMUND,7991,POLICE OFFICER,"FOIA 17-6588
Stars for Involved Members on Spreadsheet 18A - Involved Members",
DZIELAK,MICHELLE,19105,POLICE OFFICER,"FOIA 17-6588
Stars for Involved Members on Spreadsheet 18A - Involved Members",
KERR,LAWRENCE,4871,POLICE OFFICER,"FOIA 17-6588
Stars for Involved Members on Spreadsheet 18A - Involved Members",
MOLESKY,KENNETH,6538,POLICE OFFICER,"FOIA 17-6588
Stars for Involved Members on Spreadsheet 18A - Involved Members",
OCHOA,JOSE,13668,POLICE OFFICER,"FOIA 17-6588
Stars for Involved Members on Spreadsheet 18A - Involved Members",
LINKER,NICHOLAS,12858,POLICE OFFICER,"FOIA 17-6588
Stars for Involved Members on Spreadsheet 18A - Involved Members",
NAVARRO JR,JESUS,16078,POLICE OFFICER,"FOIA 17-6588
Stars for Involved Members on Spreadsheet 18A - Involved Members",
SIMMONS,LADONNA,13466,POLICE OFFICER,"FOIA 17-6588
Stars for Involved Members on Spreadsheet 18A - Involved Members",
MIKHAIL,ZAYA,12044,POLICE OFFICER,"FOIA 17-6588
Stars for Involved Members on Spreadsheet 18A - Involved Members",
SANCHEZ,RUBEN,11256,POLICE OFFICER,"FOIA 17-6588
Stars for Involved Members on Spreadsheet 18A - Involved Members",
FRY,KEVIN,15329,POLICE OFFICER,"FOIA 17-6588
Stars for Involved Members on Spreadsheet 18A - Involved Members",
SHRAKE,MICHAEL,15345,POLICE OFFICER,"FOIA 17-6588
Stars for Involved Members on Spreadsheet 18A - Involved Members",
RUIZ,ROLANDO,14837,POLICE OFFICER,"FOIA 17-6588
Stars for Involved Members on Spreadsheet 18A - Involved Members",
WEBB,MAUREEN,12525,POLICE OFFICER,"FOIA 17-6588
Stars for Involved Members on Spreadsheet 18A - Involved Members",
PASKO,MATHEW,3876,POLICE OFFICER,"FOIA 17-6588
Stars for Involved Members on Spreadsheet 18A - Involved Members",
TORRES,LOUIS,17963,POLICE OFFICER,"FOIA 17-6588
Stars for Involved Members on Spreadsheet 18A - Involved Members",
HURLEY,AMY,19490,POLICE OFFICER,"FOIA 17-6588
Stars for Involved Members on Spreadsheet 18A - Involved Members",
MURPHY,BRANDON,10545,POLICE OFFICER,"FOIA 17-6588
Stars for Involved Members on Spreadsheet 18A - Involved Members",
RAETHER,JUSTIN,19905,POLICE OFFICER,"FOIA 17-6588
Stars for Involved Members on Spreadsheet 18A - Involved Members",
PROANO,MARCO,9477,POLICE OFFICER,"FOIA 17-6588
Stars for Involved Members on Spreadsheet 18A - Involved Members",
RAZO,VICTOR,3424,POLICE OFFICER,"FOIA 17-6588
Stars for Involved Members on Spreadsheet 18A - Involved Members",
CIFUENTES,JUAN,13089,POLICE OFFICER,"FOIA 17-6588
Stars for Involved Members on Spreadsheet 18A - Involved Members",
CLINTON,SHANTELL,9012,POLICE OFFICER,"FOIA 17-6588
Stars for Involved Members on Spreadsheet 18A - Involved Members",
TERNAND,BRANDON,2717,POLICE OFFICER,"FOIA 17-6588
Stars for Involved Members on Spreadsheet 18A - Involved Members",
MCGRONE,MARCUS,11649,POLICE OFFICER,"FOIA 17-6588
Stars for Involved Members on Spreadsheet 18A - Involved Members",
DROZDEL,DOMINIK,10781,POLICE OFFICER,"FOIA 17-6588
Stars for Involved Members on Spreadsheet 18A - Involved Members",
NELSON,TIFFANY,3899,POLICE OFFICER,"FOIA 17-6588
Stars for Involved Members on Spreadsheet 18A - Involved Members",
LANGLE,WILLIAM,15098,POLICE OFFICER,"FOIA 17-6588
Stars for Involved Members on Spreadsheet 18A - Involved Members",
CABRAL,ALEJANDRO,4855,POLICE OFFICER,"FOIA 17-6588
Stars for Involved Members on Spreadsheet 18A - Involved Members",
MOSQUEDA,RAOUL,13662,POLICE OFFICER,"FOIA 17-6588
Stars for Involved Members on Spreadsheet 18A - Involved Members",
JONES,CALVIN,10669,POLICE OFFICER,"FOIA 17-6588
Stars for Involved Members on Spreadsheet 18A - Involved Members",
MEEKS,TIFFANY,8051,POLICE OFFICER,"FOIA 17-6588
Stars for Involved Members on Spreadsheet 18A - Involved Members",
WRIGHT,MARCHAND,3164,POLICE OFFICER,"FOIA 17-6588
Stars for Involved Members on Spreadsheet 18A - Involved Members",
CORNELL,VINCENT,7184,POLICE OFFICER,"FOIA 17-6588
Stars for Involved Members on Spreadsheet 18A - Involved Members",
WILLIAMS,TRACEY,4947,POLICE OFFICER,"FOIA 17-6588
Stars for Involved Members on Spreadsheet 18A - Involved Members",
BYRNE,JOSEPH,5304,POLICE OFFICER,"FOIA 17-6588
Stars for Involved Members on Spreadsheet 18A - Involved Members",
CAULFIELD,ROBERT,11321,POLICE OFFICER,"FOIA 17-6588
Stars for Involved Members on Spreadsheet 18A - Involved Members",
ADLER,TRACY,5868,POLICE OFFICER,"FOIA 17-6588
Stars for Involved Members on Spreadsheet 18A - Involved Members",
WROBEL,MICHAEL,11688,POLICE OFFICER,"FOIA 17-6588
Stars for Involved Members on Spreadsheet 18A - Involved Members",
GORMAN,THOMAS,3156,POLICE OFFICER,"FOIA 17-6588
Stars for Involved Members on Spreadsheet 18A - Involved Members",
LAWRYN,SHAWN,6909,POLICE OFFICER,"FOIA 17-6588
Stars for Involved Members on Spreadsheet 18A - Involved Members",
HERNANDEZ,ROBERT,5655,POLICE OFFICER,"FOIA 17-6588
Stars for Involved Members on Spreadsheet 18A - Involved Members",
WILLIAMS,BENNY,12544,POLICE OFFICER,"FOIA 17-6588
Stars for Involved Members on Spreadsheet 18A - Involved Members",
WOODS,STEPHEN,5255,POLICE OFFICER,"FOIA 17-6588
Stars for Involved Members on Spreadsheet 18A - Involved Members",
RANGEL,ELI,13858,POLICE OFFICER,"FOIA 17-6588
Stars for Involved Members on Spreadsheet 18A - Involved Members",
MACIAS,VINCE,8042,POLICE OFFICER,"FOIA 17-6588
Stars for Involved Members on Spreadsheet 18A - Involved Members",
FARIAS,ROGER,9942,POLICE OFFICER,"FOIA 17-6588
Stars for Involved Members on Spreadsheet 18A - Involved Members",
BELMONTES,JUAN,3210,POLICE OFFICER,"FOIA 17-6588
Stars for Involved Members on Spreadsheet 18A - Involved Members",
ABDALLAH,ZAID,17673,POLICE OFFICER,"FOIA 17-6588
Stars for Involved Members on Spreadsheet 18A - Involved Members",
COTTON,ALEXIS,17625,POLICE OFFICER,"FOIA 17-6588
Stars for Involved Members on Spreadsheet 18A - Involved Members",
WAGNER,MICHAEL,14637,POLICE OFFICER,"FOIA 17-6588
Stars for Involved Members on Spreadsheet 18A - Involved Members",
KASPER,CASEY,16787,POLICE OFFICER,"FOIA 17-6588
Stars for Involved Members on Spreadsheet 18A - Involved Members",
SABELLA,ANTHONY,11974,POLICE OFFICER,"FOIA 17-6588
Stars for Involved Members on Spreadsheet 18A - Involved Members",
BRUNO,BRENDAN,16733,POLICE OFFICER,"FOIA 17-6588
Stars for Involved Members on Spreadsheet 18A - Involved Members",
JONES,CALVIN,10669,POLICE OFFICER,"FOIA 17-6588
Stars for Involved Members on Spreadsheet 18A - Involved Members",
RAMEY,CHRISTOPHER,14991,POLICE OFFICER,"FOIA 17-6588
Stars for Involved Members on Spreadsheet 18A - Involved Members",
DAVIS,CORNELIUS,16503,POLICE OFFICER,"FOIA 17-6588
Stars for Involved Members on Spreadsheet 18A - Involved Members",
SEHNER,ERIC,11641,POLICE OFFICER,"FOIA 17-6588
Stars for Involved Members on Spreadsheet 18A - Involved Members",
DAVIDSON,ZACHARY,11682,POLICE OFFICER,"FOIA 17-6588
Stars for Involved Members on Spreadsheet 18A - Involved Members",
CUTRONE,ANTHONY,9258,POLICE OFFICER,"FOIA 17-6588
Stars for Involved Members on Spreadsheet 18A - Involved Members",
HUNT,JAMES,11442,POLICE OFFICER,"FOIA 17-6588
Stars for Involved Members on Spreadsheet 18A - Involved Members",
STOLL,KEVIN,20701,PO AS DETECTIVE,"FOIA 17-6588
Stars for Involved Members on Spreadsheet 18A - Involved Members",
TENTON,CHRISTOPH,21242,PO AS DETECTIVE,"FOIA 17-6588
Stars for Involved Members on Spreadsheet 18A - Involved Members",
DINEEN,THOMAS,20756,PO AS DETECTIVE,"FOIA 17-6588
Stars for Involved Members on Spreadsheet 18A - Involved Members",
TROCHE,RANDY,21212,PO AS DETECTIVE,"FOIA 17-6588
Stars for Involved Members on Spreadsheet 18A - Involved Members",
HEERDT,EDWARD,20598,PO AS DETECTIVE,"FOIA 17-6588
Stars for Involved Members on Spreadsheet 18A - Involved Members",
BUSH,GARY,20082,PO AS DETECTIVE,"FOIA 17-6588
Stars for Involved Members on Spreadsheet 18A - Involved Members",
ROSS,CHRISTOPH,20518,PO AS DETECTIVE,"FOIA 17-6588
Stars for Involved Members on Spreadsheet 18A - Involved Members",
SMITH,AMANDA,21586,PO AS DETECTIVE,"FOIA 17-6588
Stars for Involved Members on Spreadsheet 18A - Involved Members",
RHEIN,CHARLES,2164,SERGEANT OF POLICE,"FOIA 17-6588
Stars for Involved Members on Spreadsheet 18A - Involved Members",
LOPEZ,JOSE,809,SERGEANT OF POLICE,"FOIA 17-6588
Stars for Involved Members on Spreadsheet 18A - Involved Members",
GADE JR,LAWRENCE,1841,SERGEANT OF POLICE,"FOIA 17-6588
Stars for Involved Members on Spreadsheet 18A - Involved Members",
WALKER,ROBERT,2371,SERGEANT OF POLICE,"FOIA 17-6588
Stars for Involved Members on Spreadsheet 18A - Involved Members",
LARA,ILDEFONSO,1607,SERGEANT OF POLICE,"FOIA 17-6588
Stars for Involved Members on Spreadsheet 18A - Involved Members",
MC DONALD,KEVIN,2262,SERGEANT OF POLICE,"FOIA 17-6588
Stars for Involved Members on Spreadsheet 18A - Involved Members",
ROBERTS,JOHN,2196,SERGEANT OF POLICE,"FOIA 17-6588
Stars for Involved Members on Spreadsheet 18A - Involved Members",
DALY,CHARLES,1139,SERGEANT OF POLICE,"FOIA 17-6588
Stars for Involved Members on Spreadsheet 18A - Involved Members",
BOCARDO,MICHAEL,857,SERGEANT OF POLICE,"FOIA 17-6588
Stars for Involved Members on Spreadsheet 18A - Involved Members",
SANCHEZ,JAMES,208,LIEUTENANT OF POLICE,"FOIA 17-6588
Stars for Involved Members on Spreadsheet 18A - Involved Members",
JEROME,DON,307,LIEUTENANT OF POLICE,"FOIA 17-6588
Stars for Involved Members on Spreadsheet 18A - Involved Members",
MANGUERRA,GLENN,14098,PO ASGN EVID. TECHNI,"FOIA 17-6588
Stars for Involved Members on Spreadsheet 18A - Involved Members",
SKARUPINSKI,CHRIS,8254,PO ASGN EVID. TECHNI,"FOIA 17-6588
Stars for Involved Members on Spreadsheet 18A - Involved Members",
VALADEZ,FRANCIS,484,COMMANDER,"FOIA 17-6588
Stars for Involved Members on Spreadsheet 18A - Involved Members",
PHILLIPS III,CECIL,6657,UNKNOWN,"FOIA 17-6588
Stars for Involved Members on Spreadsheet 18A - Involved Members",
ALONSO,JAVIER,18523,UNKNOWN,"FOIA 17-6588
Stars for Involved Members on Spreadsheet 18A - Involved Members",
TORRES,MIGUEL,2995,UNKNOWN,"FOIA 17-6588
Stars for Involved Members on Spreadsheet 18A - Involved Members",
PETRENKO,THOMAS,13458,UNKNOWN,"FOIA 17-6588
Stars for Involved Members on Spreadsheet 18A - Involved Members",
SABELLA,ANTHONY,11974,UNKNOWN,"FOIA 17-6588
Stars for Involved Members on Spreadsheet 18A - Involved Members",
DIAZ,JOSHUA,17922,UNKNOWN,"FOIA 17-6588
Stars for Involved Members on Spreadsheet 18A - Involved Members",
GORMAN,THOMAS,3156,POLICE OFFICER,"FOIA 17-6588
Stars for Involved Members on Spreadsheet 18A - Involved Members",
GARZA,MANUEL,14179,POLICE OFFICER,"FOIA 17-6588
Stars for Involved Members on Spreadsheet 18B - Involved Members",
BURNS,ADAM,13450,POLICE OFFICER,"FOIA 17-6588
Stars for Involved Members on Spreadsheet 18B - Involved Members",
BADY,CRAIG,14873,POLICE OFFICER,"FOIA 17-6588
Stars for Involved Members on Spreadsheet 18B - Involved Members",
HAMPTON,SHARLYN,11255,POLICE OFFICER,"FOIA 17-6588
Stars for Involved Members on Spreadsheet 18B - Involved Members",
JOHNSON,DARRELL,1571,SERGEANT OF POLICE,"FOIA 17-6588
Stars for Involved Members on Spreadsheet 18B - Involved Members",
WILLINGHAM,RUSSELL,1377,SERGEANT OF POLICE,"FOIA 17-6588
Stars for Involved Members on Spreadsheet 18B - Involved Members",
JOHNSON,DARRELL,1571,UNKNOWN,"FOIA 17-6588
Stars for Involved Members on Spreadsheet 18B - Involved Members",
SANDOVAL,PAUL,3927,POLICE AIDE,"FOIA 17-6588
Stars for Involved Members on Spreadsheet 20A - Involved Members",
BERAN,TIMOTHY,19651,PO/EXP DET CAN HAND,"FOIA 17-6588
Stars for Involved Members on Spreadsheet 20A - Involved Members",
MUHAMMAD,EMANUEL,10275,POLICE OFFICER,"FOIA 17-6588
Stars for Involved Members on Spreadsheet 20A - Involved Members",
PANICO,MICHAEL,5226,POLICE OFFICER,"FOIA 17-6588
Stars for Involved Members on Spreadsheet 20A - Involved Members",
OLSEN,DONALD,5708,POLICE OFFICER,"FOIA 17-6588
Stars for Involved Members on Spreadsheet 20A - Involved Members",
RULE,MICHAEL,6463,POLICE OFFICER,"FOIA 17-6588
Stars for Involved Members on Spreadsheet 20A - Involved Members",
GREGOIRE,JOHN,8600,POLICE OFFICER,"FOIA 17-6588
Stars for Involved Members on Spreadsheet 20A - Involved Members",
MIUCIN,ZORAN,18966,POLICE OFFICER,"FOIA 17-6588
Stars for Involved Members on Spreadsheet 20A - Involved Members",
ORTIZ-CLAUDIO,SUSIE,18551,POLICE OFFICER,"FOIA 17-6588
Stars for Involved Members on Spreadsheet 20A - Involved Members",
PEREZ,JOSEPH,10546,POLICE OFFICER,"FOIA 17-6588
Stars for Involved Members on Spreadsheet 20A - Involved Members",
SMITH,ANGELINA,3040,POLICE OFFICER,"FOIA 17-6588
Stars for Involved Members on Spreadsheet 20A - Involved Members",
HUTCHINSON,CLAYTON,19825,POLICE OFFICER,"FOIA 17-6588
Stars for Involved Members on Spreadsheet 20A - Involved Members",
SAMPIM,SAHARAT,19641,POLICE OFFICER,"FOIA 17-6588
Stars for Involved Members on Spreadsheet 20A - Involved Members",
MC CRAY,DAVID,18508,POLICE OFFICER,"FOIA 17-6588
Stars for Involved Members on Spreadsheet 20A - Involved Members",
PACINO,ANTHONY,19731,POLICE OFFICER,"FOIA 17-6588
Stars for Involved Members on Spreadsheet 20A - Involved Members",
PITTMAN,RONALD,19275,POLICE OFFICER,"FOIA 17-6588
Stars for Involved Members on Spreadsheet 20A - Involved Members",
ELLITCH,RAYMOND,14180,POLICE OFFICER,"FOIA 17-6588
Stars for Involved Members on Spreadsheet 20A - Involved Members",
MATLOB,KENNETH,18807,POLICE OFFICER,"FOIA 17-6588
Stars for Involved Members on Spreadsheet 20A - Involved Members",
SMITH,MARTIN,18518,POLICE OFFICER,"FOIA 17-6588
Stars for Involved Members on Spreadsheet 20A - Involved Members",
ZARBOCK,NICK,18904,POLICE OFFICER,"FOIA 17-6588
Stars for Involved Members on Spreadsheet 20A - Involved Members",
JERRY,DERRICK,10128,POLICE OFFICER,"FOIA 17-6588
Stars for Involved Members on Spreadsheet 20A - Involved Members",
HOZZIAN,JOANNE,16720,POLICE OFFICER,"FOIA 17-6588
Stars for Involved Members on Spreadsheet 20A - Involved Members",
HARVEY,GARRICK,12639,POLICE OFFICER,"FOIA 17-6588
Stars for Involved Members on Spreadsheet 20A - Involved Members",
TERESI,MARTIN,11254,POLICE OFFICER,"FOIA 17-6588
Stars for Involved Members on Spreadsheet 20A - Involved Members",
MENDOZA,MARIO,8843,POLICE OFFICER,"FOIA 17-6588
Stars for Involved Members on Spreadsheet 20A - Involved Members",
BOLIN,RICHARD,14590,POLICE OFFICER,"FOIA 17-6588
Stars for Involved Members on Spreadsheet 20A - Involved Members",
CORBETT,JOSEPH,17993,POLICE OFFICER,"FOIA 17-6588
Stars for Involved Members on Spreadsheet 20A - Involved Members",
MAYHEW,MICHAEL,14138,POLICE OFFICER,"FOIA 17-6588
Stars for Involved Members on Spreadsheet 20A - Involved Members",
ROMERO,RUBEN,6340,POLICE OFFICER,"FOIA 17-6588
Stars for Involved Members on Spreadsheet 20A - Involved Members",
SANTIAGO,JUAN,5263,POLICE OFFICER,"FOIA 17-6588
Stars for Involved Members on Spreadsheet 20A - Involved Members",
CASTILLO,DIEGO,7499,POLICE OFFICER,"FOIA 17-6588
Stars for Involved Members on Spreadsheet 20A - Involved Members",
MENDOZA,MARK,15744,POLICE OFFICER,"FOIA 17-6588
Stars for Involved Members on Spreadsheet 20A - Involved Members",
KRAMER,DANIEL,9867,POLICE OFFICER,"FOIA 17-6588
Stars for Involved Members on Spreadsheet 20A - Involved Members",
MEDENICA,BOGDAN,13522,POLICE OFFICER,"FOIA 17-6588
Stars for Involved Members on Spreadsheet 20A - Involved Members",
BARNES,GREGORY,18855,POLICE OFFICER,"FOIA 17-6588
Stars for Involved Members on Spreadsheet 20A - Involved Members",
MARTORANO,JOSEPH,7986,POLICE OFFICER,"FOIA 17-6588
Stars for Involved Members on Spreadsheet 20A - Involved Members",
FUENTES,HECTOR,11396,POLICE OFFICER,"FOIA 17-6588
Stars for Involved Members on Spreadsheet 20A - Involved Members",
GONZALEZ,ROBERT,12152,POLICE OFFICER,"FOIA 17-6588
Stars for Involved Members on Spreadsheet 20A - Involved Members",
LICHAY,KENNETH,10871,POLICE OFFICER,"FOIA 17-6588
Stars for Involved Members on Spreadsheet 20A - Involved Members",
WOODS,JAMES,12813,POLICE OFFICER,"FOIA 17-6588
Stars for Involved Members on Spreadsheet 20A - Involved Members",
DAHLBERG,JOHN,13788,POLICE OFFICER,"FOIA 17-6588
Stars for Involved Members on Spreadsheet 20A - Involved Members",
HUGHES,GARY,10709,POLICE OFFICER,"FOIA 17-6588
Stars for Involved Members on Spreadsheet 20A - Involved Members",
LITTLE,ELLIS,8763,POLICE OFFICER,"FOIA 17-6588
Stars for Involved Members on Spreadsheet 20A - Involved Members",
HOLLIDAY,DAVID,14827,POLICE OFFICER,"FOIA 17-6588
Stars for Involved Members on Spreadsheet 20A - Involved Members",
COSENTINO,MICHAEL,4487,POLICE OFFICER,"FOIA 17-6588
Stars for Involved Members on Spreadsheet 20A - Involved Members",
HALEEM,MAHMOUD,14193,POLICE OFFICER,"FOIA 17-6588
Stars for Involved Members on Spreadsheet 20A - Involved Members",
WILLIAMS,CRAIG,19033,POLICE OFFICER,"FOIA 17-6588
Stars for Involved Members on Spreadsheet 20A - Involved Members",
CUNNINGHAM,AARON,10758,POLICE OFFICER,"FOIA 17-6588
Stars for Involved Members on Spreadsheet 20A - Involved Members",
MURPHY,BARTHOLOM,9933,POLICE OFFICER,"FOIA 17-6588
Stars for Involved Members on Spreadsheet 20A - Involved Members",
GAETA,JAIME,17317,POLICE OFFICER,"FOIA 17-6588
Stars for Involved Members on Spreadsheet 20A - Involved Members",
GREENWOOD,DAVID,15128,POLICE OFFICER,"FOIA 17-6588
Stars for Involved Members on Spreadsheet 20A - Involved Members",
BARSCH,STEVE,18287,POLICE OFFICER,"FOIA 17-6588
Stars for Involved Members on Spreadsheet 20A - Involved Members",
KRAUSHAAR,JEFFREY,14832,POLICE OFFICER,"FOIA 17-6588
Stars for Involved Members on Spreadsheet 20A - Involved Members",
CAMARILLO,ANDREW,13318,POLICE OFFICER,"FOIA 17-6588
Stars for Involved Members on Spreadsheet 20A - Involved Members",
HELSON,ERIC,13644,POLICE OFFICER,"FOIA 17-6588
Stars for Involved Members on Spreadsheet 20A - Involved Members",
WYSINGER,BERNARD,10316,POLICE OFFICER,"FOIA 17-6588
Stars for Involved Members on Spreadsheet 20A - Involved Members",
GARLINGTON,CONWAY,4553,POLICE OFFICER,"FOIA 17-6588
Stars for Involved Members on Spreadsheet 20A - Involved Members",
BURZINSKI,STEPHEN,3405,POLICE OFFICER,"FOIA 17-6588
Stars for Involved Members on Spreadsheet 20A - Involved Members",
WILLIAMS,DWAYNE,12925,POLICE OFFICER,"FOIA 17-6588
Stars for Involved Members on Spreadsheet 20A - Involved Members",
PLANICA,JOHN,15139,POLICE OFFICER,"FOIA 17-6588
Stars for Involved Members on Spreadsheet 20A - Involved Members",
DOOLIN,WILLIAM,14047,POLICE OFFICER,"FOIA 17-6588
Stars for Involved Members on Spreadsheet 20A - Involved Members",
JOHNSON,WILLIAM,20169,POLICE OFFICER,"FOIA 17-6588
Stars for Involved Members on Spreadsheet 20A - Involved Members",
KILROY,KEVIN,10398,POLICE OFFICER,"FOIA 17-6588
Stars for Involved Members on Spreadsheet 20A - Involved Members",
BOYD,STEPHEN,12598,POLICE OFFICER,"FOIA 17-6588
Stars for Involved Members on Spreadsheet 20A - Involved Members",
SANDOVAL,PAUL,3927,POLICE OFFICER,"FOIA 17-6588
Stars for Involved Members on Spreadsheet 20A - Involved Members",
MENDOZA,MARIO,8843,POLICE OFFICER,"FOIA 17-6588
Stars for Involved Members on Spreadsheet 20A - Involved Members",
MENDOZA,MARIO,8843,POLICE OFFICER,"FOIA 17-6588
Stars for Involved Members on Spreadsheet 20A - Involved Members",
TULLY,MARTIN,7817,POLICE OFFICER,"FOIA 17-6588
Stars for Involved Members on Spreadsheet 20A - Involved Members",
LEE,GEROLD,15949,POLICE OFFICER,"FOIA 17-6588
Stars for Involved Members on Spreadsheet 20A - Involved Members",
BOYD,STEPHEN,12598,POLICE OFFICER,"FOIA 17-6588
Stars for Involved Members on Spreadsheet 20A - Involved Members",
MEROLA,DOMINIC,7221,POLICE OFFICER,"FOIA 17-6588
Stars for Involved Members on Spreadsheet 20A - Involved Members",
GORMAN,THOMAS,3156,POLICE OFFICER,"FOIA 17-6588
Stars for Involved Members on Spreadsheet 20A - Involved Members",
LACKO,ELIAS,11575,POLICE OFFICER,"FOIA 17-6588
Stars for Involved Members on Spreadsheet 20A - Involved Members",
PEREZ,JUAN,7453,POLICE OFFICER,"FOIA 17-6588
Stars for Involved Members on Spreadsheet 20A - Involved Members",
LACKO,ELIAS,11575,POLICE OFFICER,"FOIA 17-6588
Stars for Involved Members on Spreadsheet 20A - Involved Members",
LAUBER,PAUL,6341,POLICE OFFICER,"FOIA 17-6588
Stars for Involved Members on Spreadsheet 20A - Involved Members",
KELYANA,JOHN,7717,POLICE OFFICER,"FOIA 17-6588
Stars for Involved Members on Spreadsheet 20A - Involved Members",
O HARA,MARK,8699,POLICE OFFICER,"FOIA 17-6588
Stars for Involved Members on Spreadsheet 20A - Involved Members",
OSHAUGHNESSY,THOMAS,19271,POLICE OFFICER,"FOIA 17-6588
Stars for Involved Members on Spreadsheet 20A - Involved Members",
MURILLO,VERONICA,9631,POLICE OFFICER,"FOIA 17-6588
Stars for Involved Members on Spreadsheet 20A - Involved Members",
UTRERAS,EDWIN,19901,POLICE OFFICER,"FOIA 17-6588
Stars for Involved Members on Spreadsheet 20A - Involved Members",
TEJADA,OSWALDO,16554,POLICE OFFICER,"FOIA 17-6588
Stars for Involved Members on Spreadsheet 20A - Involved Members",
MULDOON,MICHAEL,17658,POLICE OFFICER,"FOIA 17-6588
Stars for Involved Members on Spreadsheet 20A - Involved Members",
JOHNSON,COURTNEY,14318,POLICE OFFICER,"FOIA 17-6588
Stars for Involved Members on Spreadsheet 20A - Involved Members",
PEDRAZA JR,JOSE,11765,POLICE OFFICER,"FOIA 17-6588
Stars for Involved Members on Spreadsheet 20A - Involved Members",
HACKETT,CHRIS,7447,POLICE OFFICER,"FOIA 17-6588
Stars for Involved Members on Spreadsheet 20A - Involved Members",
WOLFE,RAMA,19801,POLICE OFFICER,"FOIA 17-6588
Stars for Involved Members on Spreadsheet 20A - Involved Members",
MOHAMMAD,HAYTHAM,19999,POLICE OFFICER,"FOIA 17-6588
Stars for Involved Members on Spreadsheet 20A - Involved Members",
PEREZ,GERARDO,19697,POLICE OFFICER,"FOIA 17-6588
Stars for Involved Members on Spreadsheet 20A - Involved Members",
FRANO,JOHN,11772,POLICE OFFICER,"FOIA 17-6588
Stars for Involved Members on Spreadsheet 20A - Involved Members",
REIDY,BRIAN,5896,POLICE OFFICER,"FOIA 17-6588
Stars for Involved Members on Spreadsheet 20A - Involved Members",
NYKIEL,CRAIG,18578,POLICE OFFICER,"FOIA 17-6588
Stars for Involved Members on Spreadsheet 20A - Involved Members",
DOMIO,MALCOLM,7900,POLICE OFFICER,"FOIA 17-6588
Stars for Involved Members on Spreadsheet 20A - Involved Members",
SHAAR,KHALED,9039,POLICE OFFICER,"FOIA 17-6588
Stars for Involved Members on Spreadsheet 20A - Involved Members",
LEE,GEROLD,15949,POLICE OFFICER,"FOIA 17-6588
Stars for Involved Members on Spreadsheet 20A - Involved Members",
MCHALE,BRIAN,8721,POLICE OFFICER,"FOIA 17-6588
Stars for Involved Members on Spreadsheet 20A - Involved Members",
MCGRORY,MATTHEW,9730,POLICE OFFICER,"FOIA 17-6588
Stars for Involved Members on Spreadsheet 20A - Involved Members",
SORAGHAN,PETER,7755,POLICE OFFICER,"FOIA 17-6588
Stars for Involved Members on Spreadsheet 20A - Involved Members",
HEAD,LEATRICE,13625,POLICE OFFICER,"FOIA 17-6588
Stars for Involved Members on Spreadsheet 20A - Involved Members",
SWAYZER,TIMOTHY,12615,POLICE OFFICER,"FOIA 17-6588
Stars for Involved Members on Spreadsheet 20A - Involved Members",
SHACKLETON,JAMES,16193,POLICE OFFICER,"FOIA 17-6588
Stars for Involved Members on Spreadsheet 20A - Involved Members",
GROBLA,MAREK,11686,POLICE OFFICER,"FOIA 17-6588
Stars for Involved Members on Spreadsheet 20A - Involved Members",
SHEPARD,MICHAEL,9736,POLICE OFFICER,"FOIA 17-6588
Stars for Involved Members on Spreadsheet 20A - Involved Members",
BLANDEN,JAMES,18400,POLICE OFFICER,"FOIA 17-6588
Stars for Involved Members on Spreadsheet 20A - Involved Members",
HANRAHAN,THOMAS,4780,POLICE OFFICER,"FOIA 17-6588
Stars for Involved Members on Spreadsheet 20A - Involved Members",
FERNANDEZ,JOSEPH,15792,POLICE OFFICER,"FOIA 17-6588
Stars for Involved Members on Spreadsheet 20A - Involved Members",
DAVIS,TIAWANSA,19963,POLICE OFFICER,"FOIA 17-6588
Stars for Involved Members on Spreadsheet 20A - Involved Members",
GROBNER,DARREN,8024,POLICE OFFICER,"FOIA 17-6588
Stars for Involved Members on Spreadsheet 20A - Involved Members",
BERAN,TIMOTHY,19651,POLICE OFFICER,"FOIA 17-6588
Stars for Involved Members on Spreadsheet 20A - Involved Members",
BAKER,MICHAEL,13052,POLICE OFFICER,"FOIA 17-6588
Stars for Involved Members on Spreadsheet 20A - Involved Members",
FARY,TIMOTHY,3268,POLICE OFFICER,"FOIA 17-6588
Stars for Involved Members on Spreadsheet 20A - Involved Members",
GREGOIRE,JOHN,8600,POLICE OFFICER,"FOIA 17-6588
Stars for Involved Members on Spreadsheet 20A - Involved Members",
BLACKBURN,DARRION,4632,POLICE OFFICER,"FOIA 17-6588
Stars for Involved Members on Spreadsheet 20A - Involved Members",
KELNOSKY,STEVEN,10972,POLICE OFFICER,"FOIA 17-6588
Stars for Involved Members on Spreadsheet 20A - Involved Members",
BUCKNER,NYERE,16461,POLICE OFFICER,"FOIA 17-6588
Stars for Involved Members on Spreadsheet 20A - Involved Members",
PELLERANO,RICHARD,19165,POLICE OFFICER,"FOIA 17-6588
Stars for Involved Members on Spreadsheet 20A - Involved Members",
GALLARDO,SAUL,13481,POLICE OFFICER,"FOIA 17-6588
Stars for Involved Members on Spreadsheet 20A - Involved Members",
BOUCH,MATTHEW,10723,POLICE OFFICER,"FOIA 17-6588
Stars for Involved Members on Spreadsheet 20A - Involved Members",
GRABER,DENNIS,7649,POLICE OFFICER,"FOIA 17-6588
Stars for Involved Members on Spreadsheet 20A - Involved Members",
ADAMIAK,SIMON,4731,POLICE OFFICER,"FOIA 17-6588
Stars for Involved Members on Spreadsheet 20A - Involved Members",
CORTES,JOSE,18443,POLICE OFFICER,"FOIA 17-6588
Stars for Involved Members on Spreadsheet 20A - Involved Members",
MURPHY,JOHN,2040,POLICE OFFICER,"FOIA 17-6588
Stars for Involved Members on Spreadsheet 20A - Involved Members",
SZNURA,PAUL,18899,POLICE OFFICER,"FOIA 17-6588
Stars for Involved Members on Spreadsheet 20A - Involved Members",
STANULA,KEVIN,14469,POLICE OFFICER,"FOIA 17-6588
Stars for Involved Members on Spreadsheet 20A - Involved Members",
ALANIZ,MICHAEL,13577,POLICE OFFICER,"FOIA 17-6588
Stars for Involved Members on Spreadsheet 20A - Involved Members",
VO,KELLY,18574,POLICE OFFICER,"FOIA 17-6588
Stars for Involved Members on Spreadsheet 20A - Involved Members",
ANTONSEN,RICHARD,19692,POLICE OFFICER,"FOIA 17-6588
Stars for Involved Members on Spreadsheet 20A - Involved Members",
LAUBER,PAUL,6341,POLICE OFFICER,"FOIA 17-6588
Stars for Involved Members on Spreadsheet 20A - Involved Members",
SANDOVAL,PAUL,3927,POLICE OFFICER,"FOIA 17-6588
Stars for Involved Members on Spreadsheet 20A - Involved Members",
ROSE IV,ADAM,7377,POLICE OFFICER,"FOIA 17-6588
Stars for Involved Members on Spreadsheet 20A - Involved Members",
JOHNSON,WILLIAM,20169,POLICE OFFICER,"FOIA 17-6588
Stars for Involved Members on Spreadsheet 20A - Involved Members",
COLBENSON,DANIEL,16857,POLICE OFFICER,"FOIA 17-6588
Stars for Involved Members on Spreadsheet 20A - Involved Members",
GARZA,RUDOLPH,8667,POLICE OFFICER,"FOIA 17-6588
Stars for Involved Members on Spreadsheet 20A - Involved Members",
GAMEZ,ISRAEL,15210,POLICE OFFICER,"FOIA 17-6588
Stars for Involved Members on Spreadsheet 20A - Involved Members",
ZAVALA,WENSESLAO,8928,POLICE OFFICER,"FOIA 17-6588
Stars for Involved Members on Spreadsheet 20A - Involved Members",
OHLICHER,JON,9595,POLICE OFFICER,"FOIA 17-6588
Stars for Involved Members on Spreadsheet 20A - Involved Members",
MOORE JR,LOUIS,5491,POLICE OFFICER,"FOIA 17-6588
Stars for Involved Members on Spreadsheet 20A - Involved Members",
METTE,MICHAEL,2725,POLICE OFFICER,"FOIA 17-6588
Stars for Involved Members on Spreadsheet 20A - Involved Members",
CRISP,JERRY,12580,POLICE OFFICER,"FOIA 17-6588
Stars for Involved Members on Spreadsheet 20A - Involved Members",
SURVILLION,ALLEN,8897,POLICE OFFICER,"FOIA 17-6588
Stars for Involved Members on Spreadsheet 20A - Involved Members",
FORD,BRYAN,17039,POLICE OFFICER,"FOIA 17-6588
Stars for Involved Members on Spreadsheet 20A - Involved Members",
WEATHERLY,BOBBY,11400,POLICE OFFICER,"FOIA 17-6588
Stars for Involved Members on Spreadsheet 20A - Involved Members",
STILES,LAURENCE,15304,POLICE OFFICER,"FOIA 17-6588
Stars for Involved Members on Spreadsheet 20A - Involved Members",
WADE,MARCUS,6360,POLICE OFFICER,"FOIA 17-6588
Stars for Involved Members on Spreadsheet 20A - Involved Members",
PEARSON,DEL,6254,POLICE OFFICER,"FOIA 17-6588
Stars for Involved Members on Spreadsheet 20A - Involved Members",
FARY,TIMOTHY,3268,POLICE OFFICER,"FOIA 17-6588
Stars for Involved Members on Spreadsheet 20A - Involved Members",
SOLIS JR.,PEDRO,7154,POLICE OFFICER,"FOIA 17-6588
Stars for Involved Members on Spreadsheet 20A - Involved Members",
CRAVENS,DANIEL,4656,POLICE OFFICER,"FOIA 17-6588
Stars for Involved Members on Spreadsheet 20A - Involved Members",
RAINES,THOMAS,8384,POLICE OFFICER,"FOIA 17-6588
Stars for Involved Members on Spreadsheet 20A - Involved Members",
FAHEY JR,PATRICK,9544,POLICE OFFICER,"FOIA 17-6588
Stars for Involved Members on Spreadsheet 20A - Involved Members",
GROSS,FRED,8953,POLICE OFFICER,"FOIA 17-6588
Stars for Involved Members on Spreadsheet 20A - Involved Members",
THORNTON JR,JOHN,12921,POLICE OFFICER,"FOIA 17-6588
Stars for Involved Members on Spreadsheet 20A - Involved Members",
SCUDELLA,ANDREW,16384,POLICE OFFICER,"FOIA 17-6588
Stars for Involved Members on Spreadsheet 20A - Involved Members",
MORGAN,NOEL,8714,POLICE OFFICER,"FOIA 17-6588
Stars for Involved Members on Spreadsheet 20A - Involved Members",
GAINES,MICHAEL,6030,POLICE OFFICER,"FOIA 17-6588
Stars for Involved Members on Spreadsheet 20A - Involved Members",
LEAHY,BRIAN,13624,POLICE OFFICER,"FOIA 17-6588
Stars for Involved Members on Spreadsheet 20A - Involved Members",
GLAZEWSKI,JOHN,16011,POLICE OFFICER,"FOIA 17-6588
Stars for Involved Members on Spreadsheet 20A - Involved Members",
ORKOWSKI,JAYSEN,2831,POLICE OFFICER,"FOIA 17-6588
Stars for Involved Members on Spreadsheet 20A - Involved Members",
TORRES,ROMAN,18424,POLICE OFFICER,"FOIA 17-6588
Stars for Involved Members on Spreadsheet 20A - Involved Members",
BABICZ,ANTHONY,12652,POLICE OFFICER,"FOIA 17-6588
Stars for Involved Members on Spreadsheet 20A - Involved Members",
WHITE,NICHOLAS,8577,POLICE OFFICER,"FOIA 17-6588
Stars for Involved Members on Spreadsheet 20A - Involved Members",
FOSTER,MARK,16968,POLICE OFFICER,"FOIA 17-6588
Stars for Involved Members on Spreadsheet 20A - Involved Members",
OLIVER,MELVIN,14577,POLICE OFFICER,"FOIA 17-6588
Stars for Involved Members on Spreadsheet 20A - Involved Members",
LECLAIR,RYAN,13565,POLICE OFFICER,"FOIA 17-6588
Stars for Involved Members on Spreadsheet 20A - Involved Members",
STEVENS,PETER,11114,POLICE OFFICER,"FOIA 17-6588
Stars for Involved Members on Spreadsheet 20A - Involved Members",
VASSELLI,EMMA,14085,POLICE OFFICER,"FOIA 17-6588
Stars for Involved Members on Spreadsheet 20A - Involved Members",
PORTIS,VICTOR,17290,POLICE OFFICER,"FOIA 17-6588
Stars for Involved Members on Spreadsheet 20A - Involved Members",
GALLAGHER,JAMES,13669,POLICE OFFICER,"FOIA 17-6588
Stars for Involved Members on Spreadsheet 20A - Involved Members",
MARTINEZ,JAIR,17046,POLICE OFFICER,"FOIA 17-6588
Stars for Involved Members on Spreadsheet 20A - Involved Members",
YUSUF,MOHAMMAD,15109,POLICE OFFICER,"FOIA 17-6588
Stars for Involved Members on Spreadsheet 20A - Involved Members",
OCONNOR,MICHAEL,8342,POLICE OFFICER,"FOIA 17-6588
Stars for Involved Members on Spreadsheet 20A - Involved Members",
TORRES JR,AGUSTIN,13901,POLICE OFFICER,"FOIA 17-6588
Stars for Involved Members on Spreadsheet 20A - Involved Members",
LEE,DURAND,18858,POLICE OFFICER,"FOIA 17-6588
Stars for Involved Members on Spreadsheet 20A - Involved Members",
LANDRUM,JASON,17355,POLICE OFFICER,"FOIA 17-6588
Stars for Involved Members on Spreadsheet 20A - Involved Members",
CARO,RICHARD,5368,POLICE OFFICER,"FOIA 17-6588
Stars for Involved Members on Spreadsheet 20A - Involved Members",
PATTERSON,ALFIE,9206,POLICE OFFICER,"FOIA 17-6588
Stars for Involved Members on Spreadsheet 20A - Involved Members",
PEREZ,JASON,17714,POLICE OFFICER,"FOIA 17-6588
Stars for Involved Members on Spreadsheet 20A - Involved Members",
CHESNA,JAMIE,11881,POLICE OFFICER,"FOIA 17-6588
Stars for Involved Members on Spreadsheet 20A - Involved Members",
WAHRER,DANIELLE,13454,POLICE OFFICER,"FOIA 17-6588
Stars for Involved Members on Spreadsheet 20A - Involved Members",
LOPEZ,ANGEILLY,2768,POLICE OFFICER,"FOIA 17-6588
Stars for Involved Members on Spreadsheet 20A - Involved Members",
MUELLER,TODD,15562,POLICE OFFICER,"FOIA 17-6588
Stars for Involved Members on Spreadsheet 20A - Involved Members",
FIGUEROA,EDDIE,17241,POLICE OFFICER,"FOIA 17-6588
Stars for Involved Members on Spreadsheet 20A - Involved Members",
PUCILLO,ROBERT,16850,POLICE OFFICER,"FOIA 17-6588
Stars for Involved Members on Spreadsheet 20A - Involved Members",
BARR,KREIGHTON,13742,POLICE OFFICER,"FOIA 17-6588
Stars for Involved Members on Spreadsheet 20A - Involved Members",
PRYOR,CARLENA,14799,POLICE OFFICER,"FOIA 17-6588
Stars for Involved Members on Spreadsheet 20A - Involved Members",
HICKS,ERROL,17902,POLICE OFFICER,"FOIA 17-6588
Stars for Involved Members on Spreadsheet 20A - Involved Members",
GRUBE,PATRICK,9725,POLICE OFFICER,"FOIA 17-6588
Stars for Involved Members on Spreadsheet 20A - Involved Members",
PERDUE,DENNY,14093,POLICE OFFICER,"FOIA 17-6588
Stars for Involved Members on Spreadsheet 20A - Involved Members",
DERCOLA,MATT,15740,POLICE OFFICER,"FOIA 17-6588
Stars for Involved Members on Spreadsheet 20A - Involved Members",
KAZARNOWICZ,MARCIN,9003,POLICE OFFICER,"FOIA 17-6588
Stars for Involved Members on Spreadsheet 20A - Involved Members",
SCHMID,STEVE,3625,POLICE OFFICER,"FOIA 17-6588
Stars for Involved Members on Spreadsheet 20A - Involved Members",
KEY,MICHAEL,8813,POLICE OFFICER,"FOIA 17-6588
Stars for Involved Members on Spreadsheet 20A - Involved Members",
RENDON JR,ARNOLDO,7148,POLICE OFFICER,"FOIA 17-6588
Stars for Involved Members on Spreadsheet 20A - Involved Members",
JAGLARSKI,STEVEN,11175,POLICE OFFICER,"FOIA 17-6588
Stars for Involved Members on Spreadsheet 20A - Involved Members",
SAVICKAS,CHRIST,5991,POLICE OFFICER,"FOIA 17-6588
Stars for Involved Members on Spreadsheet 20A - Involved Members",
SCHERR,HEATHER,8856,POLICE OFFICER,"FOIA 17-6588
Stars for Involved Members on Spreadsheet 20A - Involved Members",
MC NAUGHTON,MARTIN,19463,POLICE OFFICER,"FOIA 17-6588
Stars for Involved Members on Spreadsheet 20A - Involved Members",
WATSON,DAVID,5899,POLICE OFFICER,"FOIA 17-6588
Stars for Involved Members on Spreadsheet 20A - Involved Members",
POL,PETER,11906,POLICE OFFICER,"FOIA 17-6588
Stars for Involved Members on Spreadsheet 20A - Involved Members",
SANTIAGO,CHISA,11909,POLICE OFFICER,"FOIA 17-6588
Stars for Involved Members on Spreadsheet 20A - Involved Members",
ORTIZ,PEDRO,15608,POLICE OFFICER,"FOIA 17-6588
Stars for Involved Members on Spreadsheet 20A - Involved Members",
IZA,FRANCISCO,12649,POLICE OFFICER,"FOIA 17-6588
Stars for Involved Members on Spreadsheet 20A - Involved Members",
ROBINSON,THOMAS,16146,POLICE OFFICER,"FOIA 17-6588
Stars for Involved Members on Spreadsheet 20A - Involved Members",
CARDENAS,JUAN,17637,POLICE OFFICER,"FOIA 17-6588
Stars for Involved Members on Spreadsheet 20A - Involved Members",
BELCIK,TIMOTHY,5740,POLICE OFFICER,"FOIA 17-6588
Stars for Involved Members on Spreadsheet 20A - Involved Members",
DIBLICH,MATTHEW,6643,POLICE OFFICER,"FOIA 17-6588
Stars for Involved Members on Spreadsheet 20A - Involved Members",
HOMER,JUSTIN,10979,POLICE OFFICER,"FOIA 17-6588
Stars for Involved Members on Spreadsheet 20A - Involved Members",
SANCHEZ,RUBEN,11256,POLICE OFFICER,"FOIA 17-6588
Stars for Involved Members on Spreadsheet 20A - Involved Members",
PRUGER,ROCCO,15445,POLICE OFFICER,"FOIA 17-6588
Stars for Involved Members on Spreadsheet 20A - Involved Members",
BARTEL,JEFF,14367,POLICE OFFICER,"FOIA 17-6588
Stars for Involved Members on Spreadsheet 20A - Involved Members",
BORYS,PAWEL,11551,POLICE OFFICER,"FOIA 17-6588
Stars for Involved Members on Spreadsheet 20A - Involved Members",
SANTIAGO,ANTHONY,14615,POLICE OFFICER,"FOIA 17-6588
Stars for Involved Members on Spreadsheet 20A - Involved Members",
ESCOBEDO,LUIS,11877,POLICE OFFICER,"FOIA 17-6588
Stars for Involved Members on Spreadsheet 20A - Involved Members",
LASKUS,DAVID,7458,POLICE OFFICER,"FOIA 17-6588
Stars for Involved Members on Spreadsheet 20A - Involved Members",
SHRAKE,MICHAEL,15345,POLICE OFFICER,"FOIA 17-6588
Stars for Involved Members on Spreadsheet 20A - Involved Members",
RIVERA,RICKY,6396,POLICE OFFICER,"FOIA 17-6588
Stars for Involved Members on Spreadsheet 20A - Involved Members",
PAYNE,LEON,18235,POLICE OFFICER,"FOIA 17-6588
Stars for Involved Members on Spreadsheet 20A - Involved Members",
DESAI,RISHI,10409,POLICE OFFICER,"FOIA 17-6588
Stars for Involved Members on Spreadsheet 20A - Involved Members",
VAUGHAN,LESTER,17244,POLICE OFFICER,"FOIA 17-6588
Stars for Involved Members on Spreadsheet 20A - Involved Members",
CABRALES,JUAN,16858,POLICE OFFICER,"FOIA 17-6588
Stars for Involved Members on Spreadsheet 20A - Involved Members",
CARROLL,STEVEN,12236,POLICE OFFICER,"FOIA 17-6588
Stars for Involved Members on Spreadsheet 20A - Involved Members",
WALTER,SAJIT,11288,POLICE OFFICER,"FOIA 17-6588
Stars for Involved Members on Spreadsheet 20A - Involved Members",
MURPHY,BRANDON,10545,POLICE OFFICER,"FOIA 17-6588
Stars for Involved Members on Spreadsheet 20A - Involved Members",
ARCHER,STEVEN,19735,POLICE OFFICER,"FOIA 17-6588
Stars for Involved Members on Spreadsheet 20A - Involved Members",
ROMERO,MIGUEL,13879,POLICE OFFICER,"FOIA 17-6588
Stars for Involved Members on Spreadsheet 20A - Involved Members",
MCKENDRY,KEVIN,11564,POLICE OFFICER,"FOIA 17-6588
Stars for Involved Members on Spreadsheet 20A - Involved Members",
FORD,ARTHELIA,16176,POLICE OFFICER,"FOIA 17-6588
Stars for Involved Members on Spreadsheet 20A - Involved Members",
TURNER,DEJUAN,10726,POLICE OFFICER,"FOIA 17-6588
Stars for Involved Members on Spreadsheet 20A - Involved Members",
PROANO,MARCO,9477,POLICE OFFICER,"FOIA 17-6588
Stars for Involved Members on Spreadsheet 20A - Involved Members",
RAZO,VICTOR,3424,POLICE OFFICER,"FOIA 17-6588
Stars for Involved Members on Spreadsheet 20A - Involved Members",
CIFUENTES,JUAN,13089,POLICE OFFICER,"FOIA 17-6588
Stars for Involved Members on Spreadsheet 20A - Involved Members",
FRIEDLIEB,JEFFREY,5338,POLICE OFFICER,"FOIA 17-6588
Stars for Involved Members on Spreadsheet 20A - Involved Members",
JOHNSON,MATTHEW,14518,POLICE OFFICER,"FOIA 17-6588
Stars for Involved Members on Spreadsheet 20A - Involved Members",
EVANS,TODD,8234,POLICE OFFICER,"FOIA 17-6588
Stars for Involved Members on Spreadsheet 20A - Involved Members",
GARCIA,ADOLPHO,7282,POLICE OFFICER,"FOIA 17-6588
Stars for Involved Members on Spreadsheet 20A - Involved Members",
TERNAND,BRANDON,2717,POLICE OFFICER,"FOIA 17-6588
Stars for Involved Members on Spreadsheet 20A - Involved Members",
WELLS,OTIS,5385,POLICE OFFICER,"FOIA 17-6588
Stars for Involved Members on Spreadsheet 20A - Involved Members",
ROSE IV,ADAM,7377,POLICE OFFICER,"FOIA 17-6588
Stars for Involved Members on Spreadsheet 20A - Involved Members",
PATEL,NIMESH,7354,POLICE OFFICER,"FOIA 17-6588
Stars for Involved Members on Spreadsheet 20A - Involved Members",
RAMIREZ,VERONICA,7170,POLICE OFFICER,"FOIA 17-6588
Stars for Involved Members on Spreadsheet 20A - Involved Members",
GOLDIE,RYAN,10478,POLICE OFFICER,"FOIA 17-6588
Stars for Involved Members on Spreadsheet 20A - Involved Members",
RAMOS,FRANCIS,17113,POLICE OFFICER,"FOIA 17-6588
Stars for Involved Members on Spreadsheet 20A - Involved Members",
HUSIC,ESNAF,10408,POLICE OFFICER,"FOIA 17-6588
Stars for Involved Members on Spreadsheet 20A - Involved Members",
MORRIS,LASHON,3974,POLICE OFFICER,"FOIA 17-6588
Stars for Involved Members on Spreadsheet 20A - Involved Members",
ALI,MOHAMMED,7241,POLICE OFFICER,"FOIA 17-6588
Stars for Involved Members on Spreadsheet 20A - Involved Members",
JANKOWSKI,RICHARD,5965,POLICE OFFICER,"FOIA 17-6588
Stars for Involved Members on Spreadsheet 20A - Involved Members",
HELSEL,JOHN,9652,POLICE OFFICER,"FOIA 17-6588
Stars for Involved Members on Spreadsheet 20A - Involved Members",
QUADRI,SYED,11619,POLICE OFFICER,"FOIA 17-6588
Stars for Involved Members on Spreadsheet 20A - Involved Members",
DEL OLMO,EDGAR,9653,POLICE OFFICER,"FOIA 17-6588
Stars for Involved Members on Spreadsheet 20A - Involved Members",
PASSARELLI,DANIEL,11574,POLICE OFFICER,"FOIA 17-6588
Stars for Involved Members on Spreadsheet 20A - Involved Members",
TUTTLE,KEVIN,10819,POLICE OFFICER,"FOIA 17-6588
Stars for Involved Members on Spreadsheet 20A - Involved Members",
MOSQUEDA,RAOUL,13662,POLICE OFFICER,"FOIA 17-6588
Stars for Involved Members on Spreadsheet 20A - Involved Members",
NAJM,SEAN,5088,POLICE OFFICER,"FOIA 17-6588
Stars for Involved Members on Spreadsheet 20A - Involved Members",
SANTIAGO,JOHNNY,11003,POLICE OFFICER,"FOIA 17-6588
Stars for Involved Members on Spreadsheet 20A - Involved Members",
CASALES JR,RAUL,7229,POLICE OFFICER,"FOIA 17-6588
Stars for Involved Members on Spreadsheet 20A - Involved Members",
DAVIS,TIMOTHY,8688,POLICE OFFICER,"FOIA 17-6588
Stars for Involved Members on Spreadsheet 20A - Involved Members",
DIALLO,SALIOU,9105,POLICE OFFICER,"FOIA 17-6588
Stars for Involved Members on Spreadsheet 20A - Involved Members",
LUEVANO,FRANCISCO,9405,POLICE OFFICER,"FOIA 17-6588
Stars for Involved Members on Spreadsheet 20A - Involved Members",
MEEKS,TIFFANY,8051,POLICE OFFICER,"FOIA 17-6588
Stars for Involved Members on Spreadsheet 20A - Involved Members",
MATYSIAK,ZUZANNA,6353,POLICE OFFICER,"FOIA 17-6588
Stars for Involved Members on Spreadsheet 20A - Involved Members",
WRIGHT,MARCHAND,3164,POLICE OFFICER,"FOIA 17-6588
Stars for Involved Members on Spreadsheet 20A - Involved Members",
WILLIAMS,TRACEY,4947,POLICE OFFICER,"FOIA 17-6588
Stars for Involved Members on Spreadsheet 20A - Involved Members",
NAVARRO,ALVARO,19209,POLICE OFFICER,"FOIA 17-6588
Stars for Involved Members on Spreadsheet 20A - Involved Members",
VASSELLI,NICHOLAS,4902,POLICE OFFICER,"FOIA 17-6588
Stars for Involved Members on Spreadsheet 20A - Involved Members",
BLACKMAN,DANIEL,7954,POLICE OFFICER,"FOIA 17-6588
Stars for Involved Members on Spreadsheet 20A - Involved Members",
BYRNE,JOSEPH,5304,POLICE OFFICER,"FOIA 17-6588
Stars for Involved Members on Spreadsheet 20A - Involved Members",
ORTIZ,WILFREDO,9748,POLICE OFFICER,"FOIA 17-6588
Stars for Involved Members on Spreadsheet 20A - Involved Members",
DELVALLE,RUBEN,11075,POLICE OFFICER,"FOIA 17-6588
Stars for Involved Members on Spreadsheet 20A - Involved Members",
EWING,DEAN,8653,POLICE OFFICER,"FOIA 17-6588
Stars for Involved Members on Spreadsheet 20A - Involved Members",
SERRATO JR,REYNALDO,19384,POLICE OFFICER,"FOIA 17-6588
Stars for Involved Members on Spreadsheet 20A - Involved Members",
AGUIRRE,PABLO,14254,POLICE OFFICER,"FOIA 17-6588
Stars for Involved Members on Spreadsheet 20A - Involved Members",
MCCALLUM,RICHARD,6850,POLICE OFFICER,"FOIA 17-6588
Stars for Involved Members on Spreadsheet 20A - Involved Members",
VARGAS,ARTEMIO,7624,POLICE OFFICER,"FOIA 17-6588
Stars for Involved Members on Spreadsheet 20A - Involved Members",
HOPKINS,TERRY,6872,POLICE OFFICER,"FOIA 17-6588
Stars for Involved Members on Spreadsheet 20A - Involved Members",
DUCKINS,JESSICA,10325,POLICE OFFICER,"FOIA 17-6588
Stars for Involved Members on Spreadsheet 20A - Involved Members",
MOSER,EDWARD,16090,POLICE OFFICER,"FOIA 17-6588
Stars for Involved Members on Spreadsheet 20A - Involved Members",
GORMAN,THOMAS,3156,POLICE OFFICER,"FOIA 17-6588
Stars for Involved Members on Spreadsheet 20A - Involved Members",
PEREZ,ARMANDO,8462,POLICE OFFICER,"FOIA 17-6588
Stars for Involved Members on Spreadsheet 20A - Involved Members",
NYKIEL,CRAIG,18578,POLICE OFFICER,"FOIA 17-6588
Stars for Involved Members on Spreadsheet 20A - Involved Members",
ROSEN,ANTHONY,11430,POLICE OFFICER,"FOIA 17-6588
Stars for Involved Members on Spreadsheet 20A - Involved Members",
MATLOCK,ZEYAD,3891,POLICE OFFICER,"FOIA 17-6588
Stars for Involved Members on Spreadsheet 20A - Involved Members",
MYLES,NATHANIEL,7937,POLICE OFFICER,"FOIA 17-6588
Stars for Involved Members on Spreadsheet 20A - Involved Members",
TORRES,MARCO,3561,POLICE OFFICER,"FOIA 17-6588
Stars for Involved Members on Spreadsheet 20A - Involved Members",
CALLAHAN,MICHAEL,15700,POLICE OFFICER,"FOIA 17-6588
Stars for Involved Members on Spreadsheet 20A - Involved Members",
BELMONTES,JUAN,3210,POLICE OFFICER,"FOIA 17-6588
Stars for Involved Members on Spreadsheet 20A - Involved Members",
VAZQUEZ,DANIEL,11852,POLICE OFFICER,"FOIA 17-6588
Stars for Involved Members on Spreadsheet 20A - Involved Members",
MONTESDEOCA,JESUS,7699,POLICE OFFICER,"FOIA 17-6588
Stars for Involved Members on Spreadsheet 20A - Involved Members",
MALONE,NICHOLAS,11482,POLICE OFFICER,"FOIA 17-6588
Stars for Involved Members on Spreadsheet 20A - Involved Members",
PONIATOWSKI,DANIEL,10337,POLICE OFFICER,"FOIA 17-6588
Stars for Involved Members on Spreadsheet 20A - Involved Members",
BROGSDALE,MALCOLM,5508,POLICE OFFICER,"FOIA 17-6588
Stars for Involved Members on Spreadsheet 20A - Involved Members",
GALASSI,ROBERT,4548,POLICE OFFICER,"FOIA 17-6588
Stars for Involved Members on Spreadsheet 20A - Involved Members",
ROBERTSON,THOMAS,9451,POLICE OFFICER,"FOIA 17-6588
Stars for Involved Members on Spreadsheet 20A - Involved Members",
SOJKA,GREGORY,19600,POLICE OFFICER,"FOIA 17-6588
Stars for Involved Members on Spreadsheet 20A - Involved Members",
BURG,KYLE,7762,POLICE OFFICER,"FOIA 17-6588
Stars for Involved Members on Spreadsheet 20A - Involved Members",
WAGNER,MICHAEL,14637,POLICE OFFICER,"FOIA 17-6588
Stars for Involved Members on Spreadsheet 20A - Involved Members",
BINGAMAN,KYLE,17839,POLICE OFFICER,"FOIA 17-6588
Stars for Involved Members on Spreadsheet 20A - Involved Members",
DOMER,EMILE,17294,POLICE OFFICER,"FOIA 17-6588
Stars for Involved Members on Spreadsheet 20A - Involved Members",
MCDONNELL,MARTIN,3306,POLICE OFFICER,"FOIA 17-6588
Stars for Involved Members on Spreadsheet 20A - Involved Members",
NYKIEL,CRAIG,18578,POLICE OFFICER,"FOIA 17-6588
Stars for Involved Members on Spreadsheet 20A - Involved Members",
STREEPER,JASON,13704,POLICE OFFICER,"FOIA 17-6588
Stars for Involved Members on Spreadsheet 20A - Involved Members",
PONTO,JAMES,3085,POLICE OFFICER,"FOIA 17-6588
Stars for Involved Members on Spreadsheet 20A - Involved Members",
VAZQUEZ,MARIA,16841,POLICE OFFICER,"FOIA 17-6588
Stars for Involved Members on Spreadsheet 20A - Involved Members",
SCADUTO,BRADLEY,14620,POLICE OFFICER,"FOIA 17-6588
Stars for Involved Members on Spreadsheet 20A - Involved Members",
BLACKBURN,DARRION,4632,POLICE OFFICER,"FOIA 17-6588
Stars for Involved Members on Spreadsheet 20A - Involved Members",
DELGADO,JESUS,10720,POLICE OFFICER,"FOIA 17-6588
Stars for Involved Members on Spreadsheet 20A - Involved Members",
STRAZZANTE,PHILIP,8496,POLICE OFFICER,"FOIA 17-6588
Stars for Involved Members on Spreadsheet 20A - Involved Members",
NICHOLS,JAMES,17088,PO/FIELD TRNING OFF,"FOIA 17-6588
Stars for Involved Members on Spreadsheet 20A - Involved Members",
JOHNSON,MARK,8781,PO/FIELD TRNING OFF,"FOIA 17-6588
Stars for Involved Members on Spreadsheet 20A - Involved Members",
GLADNEY,ALISA,20686,PO AS DETECTIVE,"FOIA 17-6588
Stars for Involved Members on Spreadsheet 20A - Involved Members",
MULLANE,KEVIN,20124,PO AS DETECTIVE,"FOIA 17-6588
Stars for Involved Members on Spreadsheet 20A - Involved Members",
CYGNAR,BRIAN,20280,PO AS DETECTIVE,"FOIA 17-6588
Stars for Involved Members on Spreadsheet 20A - Involved Members",
CRUZ,GAIL,21060,PO AS DETECTIVE,"FOIA 17-6588
Stars for Involved Members on Spreadsheet 20A - Involved Members",
SHIELDS,TERRENCE,20081,PO AS DETECTIVE,"FOIA 17-6588
Stars for Involved Members on Spreadsheet 20A - Involved Members",
STRZALKA,NOREEN,21282,PO AS DETECTIVE,"FOIA 17-6588
Stars for Involved Members on Spreadsheet 20A - Involved Members",
SMITH,KEITH,21061,PO AS DETECTIVE,"FOIA 17-6588
Stars for Involved Members on Spreadsheet 20A - Involved Members",
MAGALLON,RAFAEL,21385,PO AS DETECTIVE,"FOIA 17-6588
Stars for Involved Members on Spreadsheet 20A - Involved Members",
VAHL,ROBERT,21517,PO AS DETECTIVE,"FOIA 17-6588
Stars for Involved Members on Spreadsheet 20A - Involved Members",
MURTAUGH,JOSEPH,21395,PO AS DETECTIVE,"FOIA 17-6588
Stars for Involved Members on Spreadsheet 20A - Involved Members",
ROSS,CHRISTOPH,20518,PO AS DETECTIVE,"FOIA 17-6588
Stars for Involved Members on Spreadsheet 20A - Involved Members",
JOHNSON,WILLIAM,20169,PO AS DETECTIVE,"FOIA 17-6588
Stars for Involved Members on Spreadsheet 20A - Involved Members",
NEALS,GERALD,20771,PO AS DETECTIVE,"FOIA 17-6588
Stars for Involved Members on Spreadsheet 20A - Involved Members",
VOGLER,JASON,21305,PO AS DETECTIVE,"FOIA 17-6588
Stars for Involved Members on Spreadsheet 20A - Involved Members",
GALASSI,ROBERT,4548,PO/MOUNTED PAT OFF.,"FOIA 17-6588
Stars for Involved Members on Spreadsheet 20A - Involved Members",
BROWN,CORNELIUS,2235,SERGEANT OF POLICE,"FOIA 17-6588
Stars for Involved Members on Spreadsheet 20A - Involved Members",
NIGRO,RICK,2377,SERGEANT OF POLICE,"FOIA 17-6588
Stars for Involved Members on Spreadsheet 20A - Involved Members",
INZERRA,MAURIZIO,835,SERGEANT OF POLICE,"FOIA 17-6588
Stars for Involved Members on Spreadsheet 20A - Involved Members",
ORLANDO,PHILLIP,2208,SERGEANT OF POLICE,"FOIA 17-6588
Stars for Involved Members on Spreadsheet 20A - Involved Members",
WHITE,ANTON,1040,SERGEANT OF POLICE,"FOIA 17-6588
Stars for Involved Members on Spreadsheet 20A - Involved Members",
ANDAVERDE,FEDERICO,2530,SERGEANT OF POLICE,"FOIA 17-6588
Stars for Involved Members on Spreadsheet 20A - Involved Members",
MURPHY,GERARD,924,SERGEANT OF POLICE,"FOIA 17-6588
Stars for Involved Members on Spreadsheet 20A - Involved Members",
KINNEY,DAVID,1861,SERGEANT OF POLICE,"FOIA 17-6588
Stars for Involved Members on Spreadsheet 20A - Involved Members",
TRUHLAR,JEFF,2128,SERGEANT OF POLICE,"FOIA 17-6588
Stars for Involved Members on Spreadsheet 20A - Involved Members",
SWAIN,MATTHEW,1335,SERGEANT OF POLICE,"FOIA 17-6588
Stars for Involved Members on Spreadsheet 20A - Involved Members",
BALLAUER,JAMES,1874,SERGEANT OF POLICE,"FOIA 17-6588
Stars for Involved Members on Spreadsheet 20A - Involved Members",
BLANDEN,JAMES,18400,SERGEANT OF POLICE,"FOIA 17-6588
Stars for Involved Members on Spreadsheet 20A - Involved Members",
GONZALEZ,LUIS,1477,SERGEANT OF POLICE,"FOIA 17-6588
Stars for Involved Members on Spreadsheet 20A - Involved Members",
KANE,BRIAN,1815,SERGEANT OF POLICE,"FOIA 17-6588
Stars for Involved Members on Spreadsheet 20A - Involved Members",
MURPHY,JOHN,2040,SERGEANT OF POLICE,"FOIA 17-6588
Stars for Involved Members on Spreadsheet 20A - Involved Members",
SPRADLEY,ERNEST,1110,SERGEANT OF POLICE,"FOIA 17-6588
Stars for Involved Members on Spreadsheet 20A - Involved Members",
KEETER,JOSEPH,2647,SERGEANT OF POLICE,"FOIA 17-6588
Stars for Involved Members on Spreadsheet 20A - Involved Members",
SHAVERS JR,ISAAC,1955,SERGEANT OF POLICE,"FOIA 17-6588
Stars for Involved Members on Spreadsheet 20A - Involved Members",
GRIFFIN,LAURA,1061,SERGEANT OF POLICE,"FOIA 17-6588
Stars for Involved Members on Spreadsheet 20A - Involved Members",
JACKSON,ERIC,1486,SERGEANT OF POLICE,"FOIA 17-6588
Stars for Involved Members on Spreadsheet 20A - Involved Members",
RIGAN,KRISTOPHE,1279,SERGEANT OF POLICE,"FOIA 17-6588
Stars for Involved Members on Spreadsheet 20A - Involved Members",
BELTRAN,EDUARDO,1026,SERGEANT OF POLICE,"FOIA 17-6588
Stars for Involved Members on Spreadsheet 20A - Involved Members",
OKEEFE,DENIS,1986,SERGEANT OF POLICE,"FOIA 17-6588
Stars for Involved Members on Spreadsheet 20A - Involved Members",
GUBALA,MICHELLE,1771,SERGEANT OF POLICE,"FOIA 17-6588
Stars for Involved Members on Spreadsheet 20A - Involved Members",
STEVENS,MICHAEL,361,LIEUTENANT OF POLICE,"FOIA 17-6588
Stars for Involved Members on Spreadsheet 20A - Involved Members",
MOSER,EDWARD,16090,PO ASGN EVID. TECHNI,"FOIA 17-6588
Stars for Involved Members on Spreadsheet 20A - Involved Members",
SKARUPINSKI,CHRIS,8254,PO ASGN EVID. TECHNI,"FOIA 17-6588
Stars for Involved Members on Spreadsheet 20A - Involved Members",
GODSEL,DANIEL,470,COMMANDER,"FOIA 17-6588
Stars for Involved Members on Spreadsheet 20A - Involved Members",
DEVEREUX,GEORGE,30,COMMANDER,"FOIA 17-6588
Stars for Involved Members on Spreadsheet 20A - Involved Members",
PEDRAZA JR,JOSE,11765,UNKNOWN,"FOIA 17-6588
Stars for Involved Members on Spreadsheet 20A - Involved Members",
LACKO,ELIAS,11575,UNKNOWN,"FOIA 17-6588
Stars for Involved Members on Spreadsheet 20A - Involved Members",
MOSER,EDWARD,16090,UNKNOWN,"FOIA 17-6588
Stars for Involved Members on Spreadsheet 20A - Involved Members",
SANDOVAL,PAUL,3927,UNKNOWN,"FOIA 17-6588
Stars for Involved Members on Spreadsheet 20A - Involved Members",
BOYD,STEPHEN,12598,UNKNOWN,"FOIA 17-6588
Stars for Involved Members on Spreadsheet 20A - Involved Members",
SANDOVAL,PAUL,3927,UNKNOWN,"FOIA 17-6588
Stars for Involved Members on Spreadsheet 20A - Involved Members",
GORMAN,THOMAS,3156,POLICE OFFICER,"FOIA 17-6588
Stars for Involved Members on Spreadsheet 20A - Involved Members",
MOHAMMAD,HAYTHAM,19999,POLICE OFFICER,"FOIA 17-6588
Stars for Involved Members on Spreadsheet 20A - Involved Members",
LEE,GEROLD,15949,POLICE OFFICER,"FOIA 17-6588
Stars for Involved Members on Spreadsheet 20A - Involved Members",
HUGHES,GARY,10709,POLICE OFFICER,"FOIA 17-6588
Stars for Involved Members on Spreadsheet 20A - Involved Members",
